mode number, Omega_p, Mach, Time/orb observed, Simulation
05, 0.777, 05, 086, M05.FR.r.a
06, 0.668, 05, 080, M05.FR.r.a
11, 0.432, 05, 037, M05.FR.r.a
13, 0.382, 05, 038, M05.FR.r.a
06, 0.733, 06, 025, M06.FR.mix.a
07, 0.639, 06, 005, M06.FR.mix.a
10, 0.464, 06, 032, M06.FR.mix.a
11, 0.472, 06, 057, M06.FR.mix.a
11, 0.430, 06, 016, M06.FR.mix.a
13, 0.393, 06, 076, M06.FR.mix.a
16, 0.349, 06, 088, M06.FR.mix.a
20, 0.482, 06, 083, M06.FR.mix.a
07, 0.645, 06, 014, M06.FR.prime.a
10, 0.464, 06, 024, M06.FR.prime.a
12, 0.412, 06, 038, M06.FR.prime.a
13, 0.391, 06, 013, M06.FR.prime.a
15, 0.360, 06, 060, M06.FR.prime.a
16, 0.346, 06, 024, M06.FR.prime.a
17, 0.336, 06, 056, M06.FR.prime.a
20, 0.479, 06, 019, M06.FR.prime.a
20, 0.310, 06, 068, M06.FR.prime.a
22, 0.448, 06, 022, M06.FR.prime.a
22, 0.295, 06, 065, M06.FR.prime.a
23, 0.432, 06, 035, M06.FR.prime.a
26, 0.389, 06, 022, M06.FR.prime.a
27, 0.479, 06, 018, M06.FR.prime.a
30, 0.437, 06, 029, M06.FR.prime.a
30, 0.265, 06, 078, M06.FR.prime.a
31, 0.426, 06, 021, M06.FR.prime.a
06, 0.731, 06, 024, M06.FR.r.a
07, 0.639, 06, 010, M06.FR.r.a
10, 0.465, 06, 033, M06.FR.r.a
11, 0.429, 06, 010, M06.FR.r.a
11, 0.471, 06, 056, M06.FR.r.a
13, 0.394, 06, 073, M06.FR.r.a
07, 0.645, 06, 010, M06.FR.random.a
10, 0.466, 06, 018, M06.FR.random.a
12, 0.413, 06, 029, M06.FR.random.a
13, 0.391, 06, 013, M06.FR.random.a
15, 0.359, 06, 018, M06.FR.random.a
16, 0.344, 06, 021, M06.FR.random.a
20, 0.478, 06, 016, M06.FR.random.a
23, 0.430, 06, 029, M06.FR.random.a
26, 0.394, 06, 018, M06.FR.random.a
30, 0.429, 06, 041, M06.FR.random.a
10, 0.469, 06, 008, M06.HR.mix.a
11, 0.426, 06, 008, M06.HR.mix.a
13, 0.382, 06, 030, M06.HR.mix.a
10, 0.471, 06, 005, M06.HR.mix.b
11, 0.432, 06, 005, M06.HR.mix.b
12, 0.400, 06, 005, M06.HR.mix.b
13, 0.377, 06, 005, M06.HR.mix.b
10, 0.471, 06, 005, M06.HR.prime.a
12, 0.404, 06, 019, M06.HR.prime.a
13, 0.378, 06, 008, M06.HR.prime.a
12, 0.404, 06, 014, M06.HR.r.a
10, 0.473, 06, 006, M06.HR.r.b
11, 0.435, 06, 027, M06.HR.r.b
12, 0.406, 06, 016, M06.HR.r.b
13, 0.380, 06, 010, M06.HR.r.b
14, 0.357, 06, 010, M06.HR.r.b
19, 0.486, 06, 008, M06.HR.r.b
10, 0.473, 06, 030, M06.HR.r.c
11, 0.432, 06, 013, M06.HR.r.c
12, 0.408, 06, 029, M06.HR.r.c
13, 0.382, 06, 018, M06.HR.r.c
14, 0.372, 06, 041, M06.HR.r.c
18, 0.507, 06, 011, M06.HR.r.c
07, 0.755, 07, 040, M07.FR.r.a
10, 0.499, 07, 024, M07.FR.r.a
11, 0.459, 07, 014, M07.FR.r.a
12, 0.425, 07, 011, M07.FR.r.a
14, 0.376, 07, 060, M07.FR.r.a
16, 0.424, 07, 062, M07.FR.r.a
19, 0.476, 07, 060, M07.FR.r.a
29, 0.363, 07, 062, M07.FR.r.a
07, 0.755, 07, 250, M07.FR.r.a
10, 0.499, 07, 150, M07.FR.r.a
11, 0.459, 07, 090, M07.FR.r.a
12, 0.425, 07, 070, M07.FR.r.a
14, 0.376, 07, 380, M07.FR.r.a
16, 0.424, 07, 390, M07.FR.r.a
19, 0.476, 07, 380, M07.FR.r.a
29, 0.363, 07, 390, M07.FR.r.a
09, 0.538, 08, 076, M08.FR.r.a
12, 0.457, 08, 038, M08.FR.r.a
13, 0.420, 08, 014, M08.FR.r.a
15, 0.409, 08, 062, M08.FR.r.a
24, 0.444, 08, 064, M08.FR.r.a
25, 0.433, 08, 016, M08.FR.r.a
10, 0.581, 09, 021, M09.FR.mix.a
12, 0.494, 09, 060, M09.FR.mix.a
18, 0.320, 09, 021, M09.FR.mix.b
21, 0.289, 09, 016, M09.FR.mix.b
26, 0.616, 09, 051, M09.FR.mix.b
10, 0.582, 09, 040, M09.FR.prime.a
16, 0.553, 09, 053, M09.FR.prime.a
19, 0.314, 09, 032, M09.FR.r.a
26, 0.554, 09, 048, M09.FR.r.a
21, 0.280, 09, 030, M09.FR.r.b
23, 0.264, 09, 035, M09.FR.r.b
24, 0.576, 09, 041, M09.FR.r.b
10, 0.583, 09, 080, M09.FR.r.c
21, 0.283, 09, 019, M09.FR.r.c
24, 0.579, 09, 033, M09.FR.r.c
21, 0.288, 09, 030, M09.FR.random.a
08, 0.727, 09, 046, M09.LR.mix.a
09, 0.718, 09, 041, M09.LR.mix.a
10, 0.579, 09, 078, M09.LR.mix.a
11, 0.530, 09, 006, M09.LR.mix.a
17, 0.359, 09, 027, M09.LR.mix.a
15, 0.737, 09, 024, M09.LR.prime.a
16, 0.373, 09, 011, M09.LR.prime.a
07, 0.805, 09, 054, M09.LR.r.a
11, 0.528, 09, 059, M09.LR.r.a
12, 0.486, 09, 080, M09.LR.r.a
13, 0.454, 09, 080, M09.LR.r.a
15, 0.392, 09, 019, M09.LR.r.a
15, 0.578, 09, 053, M09.LR.r.a
24, 0.440, 09, 084, M09.LR.r.a
25, 0.428, 09, 086, M09.LR.r.a
07, 0.805, 09, 049, M09.LR.r.b
11, 0.528, 09, 062, M09.LR.r.b
12, 0.487, 09, 078, M09.LR.r.b
13, 0.454, 09, 076, M09.LR.r.b
15, 0.392, 09, 022, M09.LR.r.b
07, 0.808, 09, 038, M09.LR.r.c
15, 0.393, 09, 022, M09.LR.r.c
15, 0.578, 09, 045, M09.LR.r.c
16, 0.376, 09, 065, M09.LR.r.c
10, 0.580, 09, 076, M09.LR.random.a
11, 0.527, 09, 051, M09.LR.random.a
12, 0.486, 09, 014, M09.LR.random.a
13, 0.451, 09, 019, M09.LR.random.a
13, 0.512, 11, 014, M11.FR.r.a
23, 0.643, 11, 054, M11.FR.r.a
29, 0.624, 11, 072, M11.FR.r.a
16, 0.449, 12, 016, M12.FR.mix.a
17, 0.608, 12, 083, M12.FR.mix.a
17, 0.798, 12, 008, M12.FR.mix.a
18, 0.644, 12, 064, M12.FR.mix.a
12, 0.863, 12, 006, M12.FR.prime.a
15, 0.689, 12, 084, M12.FR.prime.a
16, 0.449, 12, 014, M12.FR.prime.a
18, 0.645, 12, 080, M12.FR.prime.a
18, 0.800, 12, 008, M12.FR.prime.a
25, 0.555, 12, 064, M12.FR.prime.a
31, 0.643, 12, 072, M12.FR.prime.a
16, 0.449, 12, 019, M12.FR.r.a
18, 0.646, 12, 062, M12.FR.r.a
22, 0.829, 12, 005, M12.FR.r.a
25, 0.837, 12, 005, M12.FR.r.a
27, 0.800, 12, 005, M12.FR.r.a
10, 0.862, 12, 014, M12.FR.r.b
14, 0.783, 12, 016, M12.FR.r.b
15, 0.788, 12, 014, M12.FR.r.b
16, 0.449, 12, 022, M12.FR.r.b
18, 0.643, 12, 081, M12.FR.r.b
19, 0.820, 12, 005, M12.FR.r.b
16, 0.449, 12, 014, M12.FR.random.a
26, 0.653, 12, 060, M12.FR.random.a
13, 0.584, 13, 021, M13.FR.r.a
16, 0.655, 13, 030, M13.FR.r.a
19, 0.659, 13, 025, M13.FR.r.a
14, 0.701, 14, 046, M14.FR.r.a
20, 0.680, 14, 032, M14.FR.r.a
21, 0.647, 14, 027, M14.FR.r.a
13, 0.804, 15, 008, M15.FR.r.a
14, 0.811, 15, 008, M15.FR.r.a
16, 0.818, 15, 008, M15.FR.r.a
19, 0.639, 15, 049, M15.FR.r.a
22, 0.662, 15, 040, M15.FR.r.a
22, 0.840, 15, 011, M15.FR.r.a
23, 0.840, 15, 010, M15.FR.r.a
26, 0.803, 15, 010, M15.FR.r.a
27, 0.660, 15, 040, M15.FR.r.a